Query,Result Number,Title,Link,Snippet
construction software,1,Construction Project Management Software | Procore UK,https://www.procore.com/en-gb,Procore's construction management platform connects the site and the office. Gain the real-time visibility needed to deliver quality projects on time.
construction software,2,13 Best Construction Management Software in 2026,https://www.fieldwire.com/uk/blog/best-construction-management-software/,"23 Jun 2026 — Fieldwire is a jobsite management platform designed to help construction teams coordinate tasks, track progress, and access up-to-date plans ...Read more"
construction software,3,AI-native Construction Software,https://www.theaccessgroup.com/en-gb/construction/,"Construction software purpose-built for UK&I contractors and homebuilders. Connect finance, projects, estimating & compliance on one platform."
construction software,4,10 Best Construction Project Management Software For 2026,https://thedigitalprojectmanager.com/tools/best-construction-project-management-software/,"Procore, Buildertrend, and Autodesk Construction Cloud are among the most widely used platforms by construction project managers."
construction software,5,Construction Management Software,https://www.oracle.com/uk/construction-engineering/construction-management-software/,"Get data-driven insights. Connect your teams, processes, and data to improve productivity and control with Oracle's cloud construction management software."
construction software,6,Construction management software recommendations,https://www.reddit.com/r/ConstructionManagers/comments/1aocj9c/construction_management_software_recommendations/,Procore is the best hands down. A cheaper alternative I've used is Cloud PM. s. Procore is made for big GC's.
construction software,7,Archdesk: Construction Management Software for Contractors,https://archdesk.com/,"Archdesk is construction management software for modern construction companies, bringing cost control, scheduling, and field records and documents into one ...Read more"
construction software,8,"Top 5 Construction Software for 2026 (Projects, Scheduling ...",https://www.youtube.com/watch?v=lWj5he2dGjk,"This video reviews five leading construction platforms—Procore, Houzz Pro, Autodesk Build, BuildOps, and InEight. scheduling, and field ..."
construction software,9,Construction accounting and management software | Sage US,https://www.sage.com/en-us/sage-construction/,"Explore how powerful, intuitive construction accounting software and management tools from Sage can help you control costs, win more bids and manage risk."
construction management software,1,Construction Project Management Software | Procore UK,https://www.procore.com/en-gb,Procore's construction management platform connects the site and the office. Gain the real-time visibility needed to deliver quality projects on time.
construction management software,2,13 Best Construction Management Software in 2026,https://www.fieldwire.com/uk/blog/best-construction-management-software/,"23 Jun 2026 — Fieldwire is a jobsite management platform designed to help construction teams coordinate tasks, track progress, and access up-to-date plans ...Read more"
construction management software,3,Construction management software recommendations,https://www.reddit.com/r/ConstructionManagers/comments/1aocj9c/construction_management_software_recommendations/,Procore is the best hands down. A cheaper alternative I've used is Cloud PM. Procore is made for big GC's.
construction management software,4,Construction Management Software,https://www.oracle.com/uk/construction-engineering/construction-management-software/,"Get data-driven insights. Connect your teams, processes, and data to improve productivity and control with Oracle's cloud construction management software."
construction management software,5,10 Best Free Construction Project Management Software ...,https://thedigitalprojectmanager.com/tools/best-free-construction-project-management-software/,7 days ago — 1. monday AI Workspace — Best for construction management templates 2. Wrike — Best for Agile workflows 3. GanttPRO — Best for interactive ...
construction management software,6,Construction Project Management Software (UK),https://www.planradar.com/gb/product/construction-management-software/,PlanRadar's software for construction project management saves time and money for construction projects in over 60 countries worldwide. Try free today!
construction management software,7,The ultimate guide to construction management software,https://www.buildxact.com/uk/blog/the-ultimate-guide-to-construction-management-software/,Construction management software is designed to simplify your residential construction business. It automates and connects all the parts of your business
construction management software,8,Archdesk: Construction Management Software for Contractors,https://archdesk.com/,"Archdesk is construction management software for modern construction companies, bringing cost control, scheduling, and field records and documents into one ...Read more"
construction management software,9,AI-native Construction Software,https://www.theaccessgroup.com/en-gb/construction/,"Construction software purpose-built for UK&I contractors and homebuilders. Connect finance, projects, estimating & compliance on one platform."
construction project management software,1,Construction Project Management Software | Procore UK,https://www.procore.com/en-gb,Procore's construction management platform connects the site and the office. Gain the real-time visibility needed to deliver quality projects on time.
construction project management software,2,10 Best Construction Project Management Software For 2026,https://thedigitalprojectmanager.com/tools/best-construction-project-management-software/,"Procore, Buildertrend, and Autodesk Construction Cloud are among the most widely used platforms by construction project managers."
construction project management software,3,Field-first Construction Management Software,https://www.fieldwire.com/uk/construction-management-software/,"Our mobile and web-based construction software keeps your team on-site connected for all core use cases: plan viewing, snag list, scheduling, and reporting."
construction project management software,4,Construction management software recommendations,https://www.reddit.com/r/ConstructionManagers/comments/1aocj9c/construction_management_software_recommendations/,"Procore is the best hands down. A cheaper alternative I've used is Cloud PM. ProjectManager is my favorite, very similar to Microsoft Project, ..."
construction project management software,5,Construction Management Software,https://www.oracle.com/uk/construction-engineering/construction-management-software/,"Get data-driven insights. Connect your teams, processes, and data to improve productivity and control with Oracle's cloud construction management software."
construction project management software,6,10 Best Free Construction Project Management Software ...,https://www.websiteplanet.com/blog/best-free-construction-project-management-software/,22 Aug 2024 — 1. monday.com: Forever Free Plan … 2. Smartsheet: Easy Spreadsheets. Zoho Projects: Best Suite of Apps for Construction Projects. Jira: ...
construction project management software,7,7 Best Construction Project Management Software 2026 (Full ...,https://www.youtube.com/watch?v=fZm4rEtkPBc,Here are best construction project management software: 1. Houzz Pro ・ 4. TeamGantt ・ 5. Contractor Foreman
construction project management software,8,Construction Project Management Software,https://www.theaccessgroup.com/en-gb/construction/software/project-management/,Construction project management software keeps teams aligned and projects moving with tools built for UK construction.
construction project management software,9,Construction Project Management Software,https://www.capterra.co.uk/directory/30057/construction-management/software,Planyard simplifies construction budgeting by replacing spreadsheets with real-time cost tracking and accurate forecasting. Integrates with Xero and ...Read more
construction estimating software,1,Price A Job: Easy to Use Construction Estimating Software,https://www.priceajob.co.uk/,"Price A Job is a leading USA, Canada or UK based construction cost estimating software company. From £89.75 /month. Quotes, invoices, expenses & timesheet"
construction estimating software,2,Construction Estimating Software UK | Access ConQuest,https://www.theaccessgroup.com/en-gb/construction/software/estimating/,Construction estimating software is a purpose-built technology that helps estimators create detailed and accurate cost estimates for construction project bids.Read more
construction estimating software,3,16 Most Popular Construction Estimating Software,https://www.nichessp.com/blog/most-popular-construction-estimating-software,The 16 Most Popular Construction Estimating Software · 1. STACK · 2. ProEst · 3. Clear Estimates · 4. Sage Estimating · 5. Procore Estimating Software · 6.Read more
construction estimating software,4,Construction Estimating Software | Buildxact UK,https://www.buildxact.com/uk/features/construction-estimating-software/,Buildxact construction estimating software helps builders and contractors get more done by sending customer quotes five times faster.
construction estimating software,5,The Best Estimating Software for Construction,https://www.youtube.com/watch?v=z4O7urAe9hA,"This roundup covers construction estimating platforms—Buildxact, STACK, WinEst, and B2W Estimate. I explain where each one fits, from small ..."
construction estimating software,6,Construction Estimating Software | Eque2-Estimating,https://www.eque2-estimating.co.uk/,EValuate construction estimating software provides accurate and efficient estimating capabilities to hundreds of companies across the UK.
construction estimating software,7,Best Free Construction Estimating Software UK 2026,https://costestimator.co.uk/the-best-free-construction-estimating-software-in-the-uk/?srsltid=AfmBOor1Jl92D0ZHSQUHN-YsHNeqI-Ghk1TzJJM--RWILTS-a155STJ7,"Compare free construction estimating software for UK builders. See limits, best uses and when Upload Plans or Quick Quote is the better route."
construction estimating software,8,Top 5 Estimating Software Programs,https://www.reddit.com/r/estimators/comments/1benglf/top_5_estimating_software_programs/,"I'd say that WinEst, HeavyBid, Sage, Destini, and ProEst are top contenders. WinEst and Sage are likely to be replaced by cloud based solutions ...Read more"
construction estimating software,9,Construction Estimating Software: The Complete Guide,https://www.autodesk.com/blogs/construction/construction-estimating-software-guide/,"24 Mar 2026 — Forma Estimate is a cloud-based estimating solution designed to help teams produce more accurate, competitive estimates by connecting 2D and 3D ...Read more"
construction document management software,1,Construction Drawing & Document Management Software,https://www.bluebeam.com/uk/workflows/drawing-and-document-management/,"Discover how Bluebeam construction document and drawing management software keeps teams in sync with smart, easy-to-use tools."
construction document management software,2,Centralised construction document management software,https://www.theaccessgroup.com/en-gb/construction/software/document-management/,"Construction document management software is a digital platform that helps manage all project-related documents, from design to construction and handover."
construction document management software,3,Construction Document Management Software,https://www.collabor8online.co.uk/construction-document-management/,"Collabor8online is the perfect construction document management solution, enabling quick, easy management and secure sharing of construction documentation."
construction document management software,4,Construction Document Control Software: 10 Best Tools ...,https://www.pelles.ai/blog/10-best-construction-document-management-software-tools,"13 Mar 2026 — Construction document management software (DMS) is your up-to-date hub for project documents. It helps track versions, links related details ( ...Read more"
construction document management software,5,What Is Construction Document Management Software?,https://www.autodesk.com/blogs/construction/what-is-construction-document-management-software/,"14 May 2026 — Construction document management software refers to digital tools or platforms that organize, store, and manage construction documents."
construction document management software,6,Top 7 Construction Document Management Software of 2026,https://mitti.com/apps/construction-document-management-software,"Considered the best management platform for residential construction, Buildertrend assists construction managers in practically every single aspect of the ...Read more"
construction document management software,7,Construction Document Management Software UK,https://archdesk.com/en-gb/solutions/document-management,"Construction document management software keeps drawings, contracts, permits and models in one controlled repository with revision control, approval workflows"
construction document management software,8,Construction Document Management Software (UK),https://www.planradar.com/gb/product/construction-document-management/,"Share, collaborate and store key documents, plans and BIM models using flexible construction document management software. Start a free 30-day trial today!"
construction document management software,9,The Best Construction Document Management Software,https://www.v7labs.com/blog/construction-document-management-software,"25 Nov 2025 — Autodesk Construction Cloud combines document management with model coordination, allowing teams to link 2D drawings to 3D models and track ...Read more"
construction bidding software,1,SmartBid | Construction Bidding Software | Contractor Bidding ...,https://smartbid.co/,"SmartBid is the top construction bidding software for general contractors. Easily manage subcontractor data, send invitations to bid & compare proposals."
construction bidding software,2,Best Bid Management Software For Construction Projects,https://www.rib-software.com/en/bid-management,Construction bid management software is a specialized tool that streamlines the bidding process thanks to automation and technology.
construction bidding software,3,Best Bid Estimating Software : r/estimators,https://www.reddit.com/r/estimators/comments/1bxc1qy/best_bid_estimating_software/,"Bluebeam, planswift, on screen takeoff are industry standards. Each have their own advantages and drawbacks. Depending on what trade(s) your ...Read more"
construction bidding software,4,PlanHub: Construction Bidding Platform - Bid Management ...,https://planhub.com/,"Leading construction bidding platform with comprehensive bid management software. Find projects, manage bids, and grow your construction business."
construction bidding software,5,Construction Bid Management Software,https://www.softwareadvice.co.uk/directory/46/bid-management-systems/software,Discover the best Construction Bid Management Software for your organisation. PandaDoc is cloud-based document management software that helps users create ...
construction bidding software,6,Construction bid management software | Autodesk Forma,https://construction.autodesk.co.uk/workflows/construction-bid-management,"Construction bidding software helps you perform tasks like creating, tracking, and managing bids from one place. It is used to accurately manage the bidding ...Read more"
construction bidding software,7,Bidding Software for Construction,https://www.procurekey.com/solutions/product-construction-bid-management-software/,"ProcureKey's construction bid management software centralises RFQs, subcontractor bids, and tendering — with AI evaluation and real-time tracking."
construction bidding software,8,What is Construction Bidding Software? A Practical Guide ...,https://www.constructconnect.com/blog/what-is-construction-bidding-software-a-practical-guide-for-contractors,"16 Feb 2026 — Construction bidding software is a digital platform that centralizes the preconstruction process, allowing contractors to find bid opportunities ...Read more"
best construction management software,1,13 Best Construction Management Software in 2026,https://www.fieldwire.com/uk/blog/best-construction-management-software/,23 Jun 2026 — 13 Best construction management software · 1. Fieldwire · 2. Procore · 3. Autodesk Construction Cloud · 4. Buildertrend. Buildertrend is a ...Read more
best construction management software,2,10 Best Construction Project Management Software For 2026,https://thedigitalprojectmanager.com/tools/best-construction-project-management-software/,"Procore, Buildertrend, and Autodesk Construction Cloud are among the most widely used platforms by construction project managers. These tools are popular for ...Read more"
best construction management software,3,Construction project management software and app,https://www.procore.com/en-gb/project-management,"Keep projects profitable by connecting your site activities directly to your budget. Track variations, instructions, and financial health in one unified place.Read more"
best construction management software,4,Construction management software recommendations,https://www.reddit.com/r/ConstructionManagers/comments/1aocj9c/construction_management_software_recommendations/,Procore is the best hands down. A cheaper alternative I've used is Cloud PM. We also use PlanGrid and Autodesk Construction Cloud for document ...
best construction management software,5,Best Project Management Software For Construction,https://www.youtube.com/watch?v=1QG_3IOlCEI,"In this video, I'll discuss the key factors you'll want to look at when choosing a project management software … 7 Best Construction Project ..."
best construction management software,6,Construction Management Software for Small Businesses ...,https://buildern.com/resources/blog/construction-management-software-for-small-businesses/,"11 Jun 2025 — Top Picks. Buildern: Best for small builders who want estimating, budgeting, scheduling, and cost control fully connected in one system ...Read more"
best construction management software,7,Best Construction Management Software in the UK (2026),https://www.sitesamurai.co.uk/blog/construction-management-software-1770087647258,"3 Feb 2026 — **SiteSamurai is one of the strongest choices**. SiteSamurai is a top contender. teams, that's exactly where SiteSamurai delivers."
best construction management software,8,Best Construction Project Management Software,https://www.softwareadvice.co.uk/directory/19/project-management-software/software,"VisiLean is an integrated platform that helps businesses in the construction industry handle teams, projects and related data in real-time.Read more"
best construction management software,9,10 Best Free Construction Project Management Software ...,https://www.websiteplanet.com/blog/best-free-construction-project-management-software/,22 Aug 2024 — 10 Best Free Construction Project Management Software [2026] · 1. monday.com: Forever Free Plan for General Contractors · 2. Smartsheet: Easy ...Read more
best construction project management software,1,13 Best Construction Management Software in 2026,https://www.fieldwire.com/uk/blog/best-construction-management-software/,"23 Jun 2026 — Fieldwire is a jobsite management platform designed to help construction teams coordinate tasks, track progress, and access up-to-date plans ..."
best construction project management software,2,10 Best Construction Project Management Software For 2026,https://thedigitalprojectmanager.com/tools/best-construction-project-management-software/,"Procore, Buildertrend, and Autodesk Construction Cloud are among the most widely used platforms by construction project managers."
best construction project management software,3,Construction project management software and app,https://www.procore.com/en-gb/project-management,"Easy-to-use, mobile project management software that improves efficiency by connecting site and office for real-time visibility."
best construction project management software,4,Construction management software recommendations,https://www.reddit.com/r/ConstructionManagers/comments/1aocj9c/construction_management_software_recommendations/,Procore is the best hands down. A cheaper alternative I've used is Cloud PM. The top contenders in this field are likely Buildertrend and ...
best construction project management software,5,Top 10 Project Management Software I Tested & ...,https://project-management.com/top-10-project-management-software/,"Discover the best free project management software, including Jira, Notion, and Trello, to manage tasks and collaborate without the cost."
best construction project management software,6,Best Construction Project Management Software in the UK,https://buildern.com/resources/blog/construction-project-management-software-in-uk/,18 Jun 2026 — Construction Project Management Software to Use in the UK · Buildern · Procore · Access COINs · Archdesk · Fieldwire · Houzz Pro · PlanRadar.Read more
best construction project management software,7,Best Construction Project Management Software,https://www.forbes.com/advisor/uk/business/software/best-construction-project-management-software/,19 Nov 2024 — Our top 4 construction project management software. Fieldwire Contractor Foreman Houzz Pro monday.com Methodology
best construction project management software,8,Top Construction Project Management Software Solutions ...,https://www.autodesk.com/blogs/construction/top-construction-project-management-software-solutions/,24 Mar 2026 — Top construction project management software solutions · Autodesk Forma (formerly Autodesk Construction Cloud) · Smartsheet · Asana · Airtable.Read more
best construction project management software,9,10 Best Free Construction Project Management Software ...,https://www.websiteplanet.com/blog/best-free-construction-project-management-software/,22 Aug 2024 — 10 Best Free Construction Project Management Software [2026] · 1. monday.com: Forever Free Plan for General Contractors · 2. Smartsheet: Easy ...Read more
